{
  "created_at": "2026-05-20T09:51:35.693293",
  "config": {
    "tmin": 0.5,
    "tmax": 2.5,
    "freq_l": 8.0,
    "freq_h": 30.0,
    "n_channels": 22,
    "cv_folds": 5,
    "covariance_estimator": "oas"
  },
  "results": [
    {
      "subject": "A01T",
      "n_epochs": 288,
      "mdm_acc_mean": 0.7603145795523292,
      "mdm_acc_std": 0.04061742210902187,
      "ts_lda_acc_mean": 0.4131881427707199,
      "ts_lda_acc_std": 0.050282750677202045,
      "mdm_folds": [
        0.7931034482758621,
        0.8103448275862069,
        0.7068965517241379,
        0.7719298245614035,
        0.7192982456140351
      ],
      "ts_lda_folds": [
        0.39655172413793105,
        0.3448275862068966,
        0.5,
        0.42105263157894735,
        0.40350877192982454
      ]
    },
    {
      "subject": "A02T",
      "n_epochs": 288,
      "mdm_acc_mean": 0.4724137931034482,
      "mdm_acc_std": 0.02403635988458892,
      "ts_lda_acc_mean": 0.3265577737447066,
      "ts_lda_acc_std": 0.06947245784263383,
      "mdm_folds": [
        0.4482758620689655,
        0.4482758620689655,
        0.46551724137931033,
        0.49122807017543857,
        0.5087719298245614
      ],
      "ts_lda_folds": [
        0.3103448275862069,
        0.3103448275862069,
        0.3103448275862069,
        0.24561403508771928,
        0.45614035087719296
      ]
    },
    {
      "subject": "A03T",
      "n_epochs": 288,
      "mdm_acc_mean": 0.7326678765880217,
      "mdm_acc_std": 0.040434007665894785,
      "ts_lda_acc_mean": 0.4407743496672715,
      "ts_lda_acc_std": 0.06664772464410813,
      "mdm_folds": [
        0.7413793103448276,
        0.7586206896551724,
        0.6896551724137931,
        0.7894736842105263,
        0.6842105263157895
      ],
      "ts_lda_folds": [
        0.5344827586206896,
        0.4827586206896552,
        0.3620689655172414,
        0.45614035087719296,
        0.3684210526315789
      ]
    },
    {
      "subject": "A05T",
      "n_epochs": 288,
      "mdm_acc_mean": 0.39570477918935265,
      "mdm_acc_std": 0.023347406933395837,
      "ts_lda_acc_mean": 0.2916515426497278,
      "ts_lda_acc_std": 0.04273112670981984,
      "mdm_folds": [
        0.39655172413793105,
        0.41379310344827586,
        0.41379310344827586,
        0.40350877192982454,
        0.3508771929824561
      ],
      "ts_lda_folds": [
        0.2413793103448276,
        0.27586206896551724,
        0.3620689655172414,
        0.2631578947368421,
        0.3157894736842105
      ]
    },
    {
      "subject": "A06T",
      "n_epochs": 288,
      "mdm_acc_mean": 0.4479128856624319,
      "mdm_acc_std": 0.0428931198930705,
      "ts_lda_acc_mean": 0.3473684210526316,
      "ts_lda_acc_std": 0.04923264996688943,
      "mdm_folds": [
        0.5,
        0.4482758620689655,
        0.39655172413793105,
        0.49122807017543857,
        0.40350877192982454
      ],
      "ts_lda_folds": [
        0.3448275862068966,
        0.3448275862068966,
        0.3103448275862069,
        0.2982456140350877,
        0.43859649122807015
      ]
    },
    {
      "subject": "A07T",
      "n_epochs": 288,
      "mdm_acc_mean": 0.6913490623109497,
      "mdm_acc_std": 0.08430222007226923,
      "ts_lda_acc_mean": 0.42008469449485786,
      "ts_lda_acc_std": 0.04989125048733115,
      "mdm_folds": [
        0.7758620689655172,
        0.6379310344827587,
        0.5517241379310345,
        0.7543859649122807,
        0.7368421052631579
      ],
      "ts_lda_folds": [
        0.43103448275862066,
        0.5,
        0.3448275862068966,
        0.40350877192982454,
        0.42105263157894735
      ]
    },
    {
      "subject": "A08T",
      "n_epochs": 288,
      "mdm_acc_mean": 0.7566243194192378,
      "mdm_acc_std": 0.051975100761265006,
      "ts_lda_acc_mean": 0.4477313974591651,
      "ts_lda_acc_std": 0.07056378143438842,
      "mdm_folds": [
        0.8275862068965517,
        0.7586206896551724,
        0.7758620689655172,
        0.7543859649122807,
        0.6666666666666666
      ],
      "ts_lda_folds": [
        0.5,
        0.39655172413793105,
        0.5,
        0.3333333333333333,
        0.5087719298245614
      ]
    },
    {
      "subject": "A09T",
      "n_epochs": 288,
      "mdm_acc_mean": 0.7294010889292195,
      "mdm_acc_std": 0.05733661432065845,
      "ts_lda_acc_mean": 0.5104053236539624,
      "ts_lda_acc_std": 0.029630477465192345,
      "mdm_folds": [
        0.7758620689655172,
        0.7241379310344828,
        0.6206896551724138,
        0.7719298245614035,
        0.7543859649122807
      ],
      "ts_lda_folds": [
        0.46551724137931033,
        0.5517241379310345,
        0.5172413793103449,
        0.5263157894736842,
        0.49122807017543857
      ]
    }
  ],
  "summary": {
    "mdm_overall_mean": 0.6232985480943738,
    "ts_lda_overall_mean": 0.39972020568663036
  }
}