{
  "created_at": "2026-05-20T10:09:46.334933",
  "config": {
    "tmin": 0.5,
    "tmax": 2.5,
    "freq_l": 8.0,
    "freq_h": 30.0,
    "n_channels": 22,
    "cv_folds": 5,
    "covariance_estimator": "oas"
  },
  "results": [
    {
      "subject": "A01T",
      "n_epochs": 288,
      "mdm_acc_mean": 0.7603145795523292,
      "mdm_acc_std": 0.04061742210902187,
      "ts_pca_lda_acc_mean": 0.7154264972776769,
      "ts_pca_lda_acc_std": 0.046549512971829264,
      "mdm_folds": [
        0.7931034482758621,
        0.8103448275862069,
        0.7068965517241379,
        0.7719298245614035,
        0.7192982456140351
      ],
      "ts_pca_lda_folds": [
        0.7068965517241379,
        0.6551724137931034,
        0.7413793103448276,
        0.7894736842105263,
        0.6842105263157895
      ]
    },
    {
      "subject": "A02T",
      "n_epochs": 288,
      "mdm_acc_mean": 0.4724137931034482,
      "mdm_acc_std": 0.02403635988458892,
      "ts_pca_lda_acc_mean": 0.44446460980036295,
      "ts_pca_lda_acc_std": 0.06417820231342658,
      "mdm_folds": [
        0.4482758620689655,
        0.4482758620689655,
        0.46551724137931033,
        0.49122807017543857,
        0.5087719298245614
      ],
      "ts_pca_lda_folds": [
        0.3275862068965517,
        0.4827586206896552,
        0.5172413793103449,
        0.43859649122807015,
        0.45614035087719296
      ]
    },
    {
      "subject": "A03T",
      "n_epochs": 288,
      "mdm_acc_mean": 0.7326678765880217,
      "mdm_acc_std": 0.040434007665894785,
      "ts_pca_lda_acc_mean": 0.8436176648517846,
      "ts_pca_lda_acc_std": 0.07254030989880603,
      "mdm_folds": [
        0.7413793103448276,
        0.7586206896551724,
        0.6896551724137931,
        0.7894736842105263,
        0.6842105263157895
      ],
      "ts_pca_lda_folds": [
        0.896551724137931,
        0.896551724137931,
        0.7758620689655172,
        0.9122807017543859,
        0.7368421052631579
      ]
    },
    {
      "subject": "A04T",
      "n_epochs": 288,
      "mdm_acc_mean": 0.5067150635208713,
      "mdm_acc_std": 0.036955819331927375,
      "ts_pca_lda_acc_mean": 0.5170598911070781,
      "ts_pca_lda_acc_std": 0.03597130984501355,
      "mdm_folds": [
        0.5689655172413793,
        0.5,
        0.5172413793103449,
        0.45614035087719296,
        0.49122807017543857
      ],
      "ts_pca_lda_folds": [
        0.5344827586206896,
        0.5517241379310345,
        0.5517241379310345,
        0.47368421052631576,
        0.47368421052631576
      ]
    },
    {
      "subject": "A05T",
      "n_epochs": 288,
      "mdm_acc_mean": 0.39570477918935265,
      "mdm_acc_std": 0.023347406933395837,
      "ts_pca_lda_acc_mean": 0.38203266787658796,
      "ts_pca_lda_acc_std": 0.03532939280042984,
      "mdm_folds": [
        0.39655172413793105,
        0.41379310344827586,
        0.41379310344827586,
        0.40350877192982454,
        0.3508771929824561
      ],
      "ts_pca_lda_folds": [
        0.3620689655172414,
        0.3275862068965517,
        0.43103448275862066,
        0.40350877192982454,
        0.38596491228070173
      ]
    },
    {
      "subject": "A06T",
      "n_epochs": 288,
      "mdm_acc_mean": 0.4479128856624319,
      "mdm_acc_std": 0.0428931198930705,
      "ts_pca_lda_acc_mean": 0.4653962492437992,
      "ts_pca_lda_acc_std": 0.022410996720747603,
      "mdm_folds": [
        0.5,
        0.4482758620689655,
        0.39655172413793105,
        0.49122807017543857,
        0.40350877192982454
      ],
      "ts_pca_lda_folds": [
        0.43103448275862066,
        0.4827586206896552,
        0.4482758620689655,
        0.49122807017543857,
        0.47368421052631576
      ]
    },
    {
      "subject": "A07T",
      "n_epochs": 288,
      "mdm_acc_mean": 0.6913490623109497,
      "mdm_acc_std": 0.08430222007226923,
      "ts_pca_lda_acc_mean": 0.7430127041742287,
      "ts_pca_lda_acc_std": 0.04860157849055871,
      "mdm_folds": [
        0.7758620689655172,
        0.6379310344827587,
        0.5517241379310345,
        0.7543859649122807,
        0.7368421052631579
      ],
      "ts_pca_lda_folds": [
        0.8103448275862069,
        0.7241379310344828,
        0.7068965517241379,
        0.6842105263157895,
        0.7894736842105263
      ]
    },
    {
      "subject": "A08T",
      "n_epochs": 288,
      "mdm_acc_mean": 0.7566243194192378,
      "mdm_acc_std": 0.051975100761265006,
      "ts_pca_lda_acc_mean": 0.7949788263762855,
      "ts_pca_lda_acc_std": 0.024417040331282547,
      "mdm_folds": [
        0.8275862068965517,
        0.7586206896551724,
        0.7758620689655172,
        0.7543859649122807,
        0.6666666666666666
      ],
      "ts_pca_lda_folds": [
        0.8275862068965517,
        0.7931034482758621,
        0.8103448275862069,
        0.7894736842105263,
        0.7543859649122807
      ]
    },
    {
      "subject": "A09T",
      "n_epochs": 288,
      "mdm_acc_mean": 0.7294010889292195,
      "mdm_acc_std": 0.05733661432065845,
      "ts_pca_lda_acc_mean": 0.8229885057471265,
      "ts_pca_lda_acc_std": 0.039712062973409526,
      "mdm_folds": [
        0.7758620689655172,
        0.7241379310344828,
        0.6206896551724138,
        0.7719298245614035,
        0.7543859649122807
      ],
      "ts_pca_lda_folds": [
        0.7758620689655172,
        0.8793103448275862,
        0.7931034482758621,
        0.8070175438596491,
        0.8596491228070176
      ]
    }
  ],
  "summary": {
    "mdm_overall_mean": 0.6103448275862069,
    "ts_pca_lda_overall_mean": 0.6365530684949923
  }
}